<?xml version="1.0" encoding="UTF-8" ?>
<!DOCTYPE mapper PUBLIC "-//mybatis.org//DTD Mapper 3.0//EN" "http://mybatis.org/dtd/mybatis-3-mapper.dtd">
<mapper namespace="com.thinkgem.jeesite.modules.tl.dao.ChatDao">
    
	<sql id="chatColumns">
		a.id AS "id",
		a.account AS "account",
		a.chatid AS "chatid",
		a.ischannel AS "isChannel",
		a.title AS "title",
		a.accesshash AS "accesshash",
		a.update_date AS "updateDate"
	</sql>
	
	<sql id="chatJoins">
	</sql>
    
	<select id="get" resultType="Chat">
		SELECT 
			<include refid="chatColumns"/>
		FROM tl_chat a
		<include refid="chatJoins"/>
		WHERE a.id = #{id}
	</select>
	
	<select id="findList" resultType="Chat">
		SELECT 
			<include refid="chatColumns"/>
		FROM tl_chat a
		<include refid="chatJoins"/>
		<where>
			
			
			<if test="account != null and account != ''">
				AND a.account = #{account}
			</if>
			<if test="chatid != null and chatid != ''">
				AND a.chatid = #{chatid}
			</if>
			<if test="isChannel != null and isChannel != ''">
				AND a.ischannel = #{isChannel}
			</if>
			<if test="title != null and title != ''">
				AND a.title LIKE 
					<if test="dbName == 'oracle'">'%'||#{title}||'%'</if>
					<if test="dbName == 'mssql'">'%'+#{title}+'%'</if>
					<if test="dbName == 'mysql'">concat('%',#{title},'%')</if>
			</if>
		</where>
		<choose>
			<when test="page !=null and page.orderBy != null and page.orderBy != ''">
				ORDER BY ${page.orderBy}
			</when>
			<otherwise>
				ORDER BY a.update_date DESC
			</otherwise>
		</choose>
	</select>
	
	<select id="findAllList" resultType="Chat">
		SELECT 
			<include refid="chatColumns"/>
		FROM tl_chat a
		<include refid="chatJoins"/>
		<where>
			
			
		</where>		
		<choose>
			<when test="page !=null and page.orderBy != null and page.orderBy != ''">
				ORDER BY ${page.orderBy}
			</when>
			<otherwise>
				ORDER BY a.update_date DESC
			</otherwise>
		</choose>
	</select>
	
	<insert id="insert">
		INSERT INTO tl_chat(
			id,
			account,
			chatid,
			ischannel,
			title,
			accesshash,
			update_date
		) VALUES (
			#{id},
			#{account},
			#{chatid},
			#{isChannel},
			#{title},
			#{accesshash},
			#{updateDate}
		)
	</insert>
	
	<update id="update">
		UPDATE tl_chat SET 	
			account = #{account},
			chatid = #{chatid},
			ischannel = #{isChannel},
			title = #{title},
			accesshash = #{accesshash},
			update_date = #{updateDate}
		WHERE id = #{id}
	</update>
	
	<update id="delete">
		DELETE FROM tl_chat
		WHERE id = #{id}
	</update>
	
</mapper>