<?xml version="1.0" encoding="UTF-8" ?>
<!DOCTYPE mapper PUBLIC "-//mybatis.org//DTD Mapper 3.0//EN" "http://mybatis.org/dtd/mybatis-3-mapper.dtd">
<mapper namespace="com.thinkgem.jeesite.modules.tl.dao.GroupDao">
    
	<sql id="groupColumns">
		a.id AS "id",
		a.name AS "name",
		a.username AS "username",
		a.url AS "url",
		a.is_channel AS "isChannel",
		a.usernum AS "usernum",
		a.update_num AS "updateNum",
		a.offset_ AS "offset",
		a.status AS "status",
		a.out_ AS "out",
		a.create_by AS "createBy.id",
		a.create_date AS "createDate",
		a.update_by AS "updateBy.id",
		a.upcate_date AS "upcateDate",
		a.del_flag AS "delFlag"
	</sql>
	
	<sql id="groupJoins">
	</sql>
    
	<select id="get" resultType="Group">
		SELECT 
			<include refid="groupColumns"/>
		FROM tl_group a
		<include refid="groupJoins"/>
		WHERE a.id = #{id}
	</select>
	
	<select id="findList" resultType="Group">
		SELECT 
			<include refid="groupColumns"/>
		FROM tl_group a
		<include refid="groupJoins"/>
		<where>
			a.del_flag = #{DEL_FLAG_NORMAL}
			
			<if test="name != null and name != ''">
				AND a.name LIKE 
					<if test="dbName == 'oracle'">'%'||#{name}||'%'</if>
					<if test="dbName == 'mssql'">'%'+#{name}+'%'</if>
					<if test="dbName == 'mysql'">concat('%',#{name},'%')</if>
			</if>
			<if test="url != null and url != ''">
				AND a.url = #{url}
			</if>
			<if test="isChannel != null and isChannel != ''">
				AND a.is_channel = #{isChannel}
			</if>
		</where>
		<choose>
			<when test="page !=null and page.orderBy != null and page.orderBy != ''">
				ORDER BY ${page.orderBy}
			</when>
			<otherwise>
			</otherwise>
		</choose>
	</select>
	
	<!-- 取一个用户数>1000,索引偏移最少offset的群组，优先从这个群组抽取用户 -->
	<select id="getOneGroupForFetch" resultType="Group">
		SELECT 
			<include refid="groupColumns"/>
		FROM tl_group a
		<include refid="groupJoins"/>
		<where>
			a.del_flag = #{DEL_FLAG_NORMAL}
			and a.url is not null
			and a.out_='0'	
			and a.usernum <![CDATA[ > ]]> 10
		</where>
		 order by offset_  limit 1
	</select>
	
	<!-- 取没有用户数的群组 -->
	<select id="findListWithoutUsernum" resultType="Group">
		 select a.id,a.name,a.url ,c.accessHash from tl_group a
		 join tl_chat c on c.chatid=a.id
		  where    ( a.usernum is null or a.usernum <![CDATA[ < ]]> 100)
		  and ( a.out_=0 or a.out_ is null )
		  and is_channel='1' 
	</select>
	  <!-- and c.account='8618566104318' -->
	
	<select id="findAllList" resultType="Group">
		SELECT 
			<include refid="groupColumns"/>
		FROM tl_group a
		<include refid="groupJoins"/>
		<where>
			a.del_flag = #{DEL_FLAG_NORMAL}
			
		</where>		
		<choose>
			<when test="page !=null and page.orderBy != null and page.orderBy != ''">
				ORDER BY ${page.orderBy}
			</when>
			<otherwise>
			</otherwise>
		</choose>
	</select>
	
	<insert id="insert">
		INSERT INTO tl_group(
			id,
			name,username,
			url,
			is_channel,
			usernum,
			update_num,
			offset_,
			status,
			out_,
			create_by,
			create_date,
			update_by,
			upcate_date,
			del_flag
		) VALUES (
			#{id},
			#{name},#{username},
			#{url},
			#{isChannel},
			#{usernum},
			#{updateNum},
			#{offset},
			#{status},
			#{out},
			#{createBy.id},
			#{createDate},
			#{updateBy.id},
			#{upcateDate},
			#{delFlag}
		)
	</insert>
	
	<update id="update">
		UPDATE tl_group SET 	
			name = #{name},
			username=#{username},
			url = #{url},
			is_channel = #{isChannel},
			usernum = #{usernum},
			status = #{status},
			out_ = #{out},
			update_by = #{updateBy.id},
			upcate_date = #{upcateDate}
		WHERE id = #{id}
	</update>
	
	
	<update id="updateOffset">
		UPDATE tl_group SET 	
			offset_=#{offset},
			update_by = #{updateBy.id},
			upcate_date = #{upcateDate}
		WHERE id = #{id}
	</update>
	
	<update id="updateUpdateNum">
		UPDATE tl_group SET 	
			update_num=update_num+1,
			update_by = #{updateBy.id},
			upcate_date = #{upcateDate}
		WHERE id = #{id}
	</update>
	
	<update id="delete">
		UPDATE tl_group SET 
			del_flag = #{DEL_FLAG_DELETE}
		WHERE id = #{id}
	</update>
	
</mapper>