<?xml version="1.0" encoding="UTF-8" ?>
<!DOCTYPE mapper PUBLIC "-//mybatis.org//DTD Mapper 3.0//EN" "http://mybatis.org/dtd/mybatis-3-mapper.dtd">
<mapper namespace="com.thinkgem.jeesite.modules.tl.dao.JobDao">
    
	<sql id="jobColumns">
		a.id AS "id",
		a.name AS "name",
		a.group_url AS "groupUrl",
		a.group_name AS "groupName",
		a.group_id AS "groupId",
		a.from_group_id AS "fromGroupId",
		a.from_group_url AS "fromGroupUrl",
		a.from_group_name AS "fromGroupName",
		a.usernum AS "usernum",
		a.day AS "day",
		a.boss AS "boss",
		a.status AS "status",
		a.create_by AS "createBy.id",
		a.create_date AS "createDate",
		a.update_by AS "updateBy.id",
		a.update_date AS "updateDate",
		a.del_flag AS "delFlag"
	</sql>
	
	<sql id="jobJoins">
	</sql>
    
	<select id="get" resultType="Job">
		SELECT 
			<include refid="jobColumns"/>
		FROM tl_job a
		<include refid="jobJoins"/>
		WHERE a.id = #{id}
	</select>
	
	<select id="findList" resultType="Job">
		SELECT 
			<include refid="jobColumns"/>
		FROM tl_job a
		<include refid="jobJoins"/>
		<where>
			a.del_flag = #{DEL_FLAG_NORMAL}
			
			<if test="name != null and name != ''">
				AND a.name LIKE 
					<if test="dbName == 'oracle'">'%'||#{name}||'%'</if>
					<if test="dbName == 'mssql'">'%'+#{name}+'%'</if>
					<if test="dbName == 'mysql'">concat('%',#{name},'%')</if>
			</if>
			<if test="groupId != null and groupId != ''">
				AND a.group_id = #{groupId}
			</if>
			<if test="fromGroupId != null and fromGroupId != ''">
				AND a.from_group_id = #{fromGroupId}
			</if>
		</where>
		<choose>
			<when test="page !=null and page.orderBy != null and page.orderBy != ''">
				ORDER BY ${page.orderBy}
			</when>
			<otherwise>
				ORDER BY a.update_date DESC
			</otherwise>
		</choose>
	</select>
	
	<select id="findAllList" resultType="Job">
		SELECT 
			<include refid="jobColumns"/>
		FROM tl_job a
		<include refid="jobJoins"/>
		<where>
			a.del_flag = #{DEL_FLAG_NORMAL}
			
		</where>		
		<choose>
			<when test="page !=null and page.orderBy != null and page.orderBy != ''">
				ORDER BY ${page.orderBy}
			</when>
			<otherwise>
				ORDER BY a.update_date DESC
			</otherwise>
		</choose>
	</select>
	
	<insert id="insert">
		INSERT INTO tl_job(
			id,
			name,
			group_url,
			group_name,
			group_id,
			from_group_id,
			from_group_url,
			from_group_name,
			usernum,
			day,
			boss,
			status,
			create_by,
			create_date,
			update_by,
			update_date,
			del_flag
		) VALUES (
			#{id},
			#{name},
			#{groupUrl},
			#{groupName},
			#{groupId},
			#{fromGroupId},
			#{fromGroupUrl},
			#{fromGroupName},
			#{usernum},
			#{day},
			#{boss},
			#{status},
			#{createBy.id},
			#{createDate},
			#{updateBy.id},
			#{updateDate},
			#{delFlag}
		)
	</insert>
	
	<update id="update">
		UPDATE tl_job SET 	
			name = #{name},
			group_url = #{groupUrl},
			group_name = #{groupName},
			group_id = #{groupId},
			from_group_id = #{fromGroupId},
			from_group_url = #{fromGroupUrl},
			from_group_name = #{fromGroupName},
			usernum = #{usernum},
			day = #{day},
			boss = #{boss},
			status = #{status},
			update_by = #{updateBy.id},
			update_date = #{updateDate}
		WHERE id = #{id}
	</update>
	
	<update id="delete">
		UPDATE tl_job SET 
			del_flag = #{DEL_FLAG_DELETE}
		WHERE id = #{id}
	</update>
	
		<select id="getRpcCallInfoByTaskid" resultType="com.alibaba.fastjson.JSONObject">
		SELECT  a.id,a.job_id as "jobId",a.account,a.offset_ as "offsetNum",a.limit_ as "limitNum",
		c.chatid ,c.accesshash,c.ischannel,j.group_url as "groupUrl"
		FROM tl_job j
		left join tl_task a on j.id=a.job_id  
		left join tl_chat c on c.account=a.account and c.chatid=j.group_id
		<where>
			a.id=#{id}
		</where>
		 
	</select>
</mapper>