<?xml version="1.0" encoding="UTF-8" ?>
<!DOCTYPE mapper PUBLIC "-//mybatis.org//DTD Mapper 3.0//EN" "http://mybatis.org/dtd/mybatis-3-mapper.dtd">
<mapper namespace="com.thinkgem.jeesite.modules.tl.dao.JobTaskDao">
    
	<sql id="jobTaskColumns">
		a.id AS "id",
		a.job_id AS "jobId",
		a.account AS "account",
		a.type AS "type",
		a.from_group_id AS "groupId",
		a.from_group_url AS "groupUrl",
		a.offset_ AS "offsetNum",
		a.limit_ AS "limitNum",
		a.status AS "status",
		a.usernum AS "usernum",
		a.create_by AS "createBy.id",
		a.create_date AS "createDate",
		a.update_by AS "updateBy.id",
		a.update_date AS "updateDate",
		a.del_flag AS "delFlag",
		j.id as "job.id",
		j.name as "job.name"
	</sql>
	
	<sql id="jobTaskJoins">
	left join tl_job j on j.id=a.job_id
	</sql>
    
	<select id="get" resultType="JobTask">
		SELECT 
			<include refid="jobTaskColumns"/>
		FROM tl_task a
		<include refid="jobTaskJoins"/>
		WHERE a.id = #{id}
	</select>
	
	<select id="findList" resultType="JobTask">
		SELECT 
			<include refid="jobTaskColumns"/>
		FROM tl_task a
		<include refid="jobTaskJoins"/>
		<where>
			a.del_flag = #{DEL_FLAG_NORMAL}
			
			<if test="jobId != null and jobId != ''">
				AND a.job_id = #{jobId}
			</if>
			<if test="account != null and account != ''">
				AND a.account = #{account}
			</if>
			<if test="type != null and type != ''">
				AND a.type = #{type}
			</if>
			<if test="status != null and status != ''">
				AND a.status = #{status}
			</if>
			<if test="usernum != null and usernum >0">
				AND a.usernum <![CDATA[ < ]]>  #{usernum}
			</if>
			<if test="beginOffset != null and endOffset != null and beginOffset != '' and endOffset != ''">
				AND a.offset_ BETWEEN #{beginOffset} AND #{endOffset}
			</if>
		</where>
		<choose>
			<when test="page !=null and page.orderBy != null and page.orderBy != ''">
				ORDER BY ${page.orderBy}
			</when>
			<otherwise>
				ORDER BY a.usernum ,a.update_date DESC
			</otherwise>
		</choose>
	</select>
	
	<select id="findAllList" resultType="JobTask">
		SELECT 
			<include refid="jobTaskColumns"/>
		FROM tl_task a
		<include refid="jobTaskJoins"/>
		<where>
			a.del_flag = #{DEL_FLAG_NORMAL}
			
		</where>		
		<choose>
			<when test="page !=null and page.orderBy != null and page.orderBy != ''">
				ORDER BY ${page.orderBy}
			</when>
			<otherwise>
				ORDER BY a.update_date DESC
			</otherwise>
		</choose>
	</select>
	
	<insert id="insert">
		INSERT INTO tl_task(
			id,
			job_id,
			account,
			type,
			from_group_id,from_group_url,
			offset_,
			limit_,
			status,
			usernum,
			create_by,
			create_date,
			update_by,
			update_date,
			del_flag
		) VALUES (
			#{id},
			#{jobId},
			#{account},
			#{type},
			#{groupId},#{groupUrl},
			#{offsetNum},
			#{limitNum},
			#{status},
			#{usernum},
			#{createBy.id},
			#{createDate},
			#{updateBy.id},
			#{updateDate},
			#{delFlag}
		)
	</insert>
	
	<update id="update">
		UPDATE tl_task SET 	
			job_id = #{jobId},
			account = #{account},
			type = #{type},
			from_group_id = #{groupId},
			from_group_url = #{groupUrl},
			offset_ = #{offsetNum},
			limit_ = #{limitNum},
			status = #{status},
			usernum = #{usernum},
			update_by = #{updateBy.id},
			update_date = #{updateDate}
		WHERE id = #{id}
	</update>
	
	<update id="delete">
		UPDATE tl_task SET 
			del_flag = #{DEL_FLAG_DELETE}
		WHERE id = #{id}
	</update>
	
		<update id="updateJobTaskUsernum">
		UPDATE tl_task a SET 
			usernum = (select count(*) from tl_job_user where job_id=#{jobId} and account=a.account)
		WHERE job_id = #{jobId}
	</update>
	
	<select id="getRpcCallInfo" resultType="com.alibaba.fastjson.JSONObject">
		SELECT  a.id,a.job_id as "jobId",a.account,a.offset_ as "offsetNum",a.limit_ as "limitNum",
		c.chatid ,c.accesshash as "accessHash",c.ischannel,a.from_group_url as "groupUrl"
		FROM tl_task a 
		left join tl_chat c on c.account=a.account and c.chatid=a.from_group_id
		<where>
			a.id=#{id}
		</where>
		 
	</select>
	
	<!-- 统计数据，任务数和有效用户数 -->
	<select id="findJobTaskStatsData" resultType="com.alibaba.fastjson.JSONObject">
		 select count(*) as 'taskNum',
		 (select  count(*) from tl_job_user  where del_flag ='0' and status='0' and job_id=#{jobId}) as 'userNum' ,
		 (select  count(*) from tl_job_user  where del_flag ='0' and status='1' and job_id=#{jobId}) as 'invitedUserNum' 
		 from tl_task where del_flag ='0' and job_id=#{jobId}
	</select>
</mapper>