<?xml version="1.0" encoding="UTF-8" ?>
<!DOCTYPE mapper PUBLIC "-//mybatis.org//DTD Mapper 3.0//EN" "http://mybatis.org/dtd/mybatis-3-mapper.dtd">
<mapper namespace="com.thinkgem.jeesite.modules.tl.dao.JobUserDao">

	<sql id="jobUserColumns">
		a.id AS "id",
		a.job_id AS "jobId",
		a.task_id AS "taskId",
		a.account AS "account",
		a.from_group AS "fromGroup",
		a.userid AS "userid",
		a.username AS
		"username",a.firstname AS "firstname",
		a.lastname AS "lastname",
		a.user_hash AS "userHash",
		a.status AS "status",
		a.create_by
		AS "createBy.id",
		a.create_date AS "createDate",
		a.update_by AS
		"updateBy.id",
		a.update_date AS "updateDate",
		a.del_flag AS "delFlag",
		u.msg_time as "msgTime" ,u.star
	</sql>

	<sql id="jobUserJoins">
	left join tl_user u on u.id=a.userid
	</sql>

	<select id="get" resultType="JobUser">
		SELECT
		<include refid="jobUserColumns" />
		FROM tl_job_user a
		<include refid="jobUserJoins" />
		WHERE a.id = #{id}
	</select>

	<select id="findList" resultType="JobUser">
		SELECT
		<include refid="jobUserColumns" />
		FROM tl_job_user a
		<include refid="jobUserJoins" />
		<where>
			a.del_flag = #{DEL_FLAG_NORMAL}

			<if test="jobId != null and jobId != ''">
				AND a.job_id = #{jobId}
			</if>
			<if test="account != null and account != ''">
				AND a.account = #{account}
			</if>
			<if test="fromGroup != null and fromGroup != ''">
				AND a.from_group = #{fromGroup}
			</if>
			<if test="userid != null and userid != ''">
				AND a.userid = #{userid}
			</if>
			<if test="username != null and username != ''">
				AND a.username = #{username}
			</if>
			<if test="status != null and status != ''">
				AND a.status = #{status}
			</if>
		</where>
		<choose>
			<when test="page !=null and page.orderBy != null and page.orderBy != ''">
				ORDER BY ${page.orderBy}
			</when>
			<otherwise>
				ORDER BY u.update_date DESC
			</otherwise>
		</choose>
	</select>

	<!-- 查找job下某个账号，判断用户是否已经存在了 -->
	<select id="findUserOfJob" resultType="JobUser">
		SELECT
		<include refid="jobUserColumns" />
		FROM tl_job_user a
		<include refid="jobUserJoins" />
		<where>
			a.del_flag = #{DEL_FLAG_NORMAL}
			AND a.job_id = #{jobId}
			AND a.account = #{account}
			AND a.userid = #{userid}
		</where> 
	</select>
	
	<!-- 查找没有在job中未重复的用户 -->
	<select id="findDistinctForJob" resultType="JobUser">
		SELECT
		<include refid="jobUserColumns" />	
		FROM tl_job_user a
		<include refid="jobUserJoins" />  
		<where>
			a.del_flag = #{DEL_FLAG_NORMAL}
			AND a.job_id = #{jobId}
			AND a.account = #{account} 
			<if test="star>-1">
				AND u.star <![CDATA[ >= ]]> #{star}
			</if>
			
			and not exists (select 1 from tl_job_user j where j.job_id=#{toJobid} and j.userid=a.userid)
		</where> 
		order by msg_time desc
	 limit ${limit}
	</select>

	<select id="findAllList" resultType="JobUser">
		SELECT
		<include refid="jobUserColumns" />
		FROM tl_job_user a
		<include refid="jobUserJoins" />
		<where>
			a.del_flag = #{DEL_FLAG_NORMAL}

		</where>
		<choose>
			<when test="page !=null and page.orderBy != null and page.orderBy != ''">
				ORDER BY ${page.orderBy}
			</when>
			<otherwise>
				ORDER BY a.update_date DESC
			</otherwise>
		</choose>
	</select>

	<insert id="insert">
		INSERT INTO tl_job_user(
		id,
		job_id,task_id,
		account,
		from_group,
		userid,
		username,firstname,
			lastname,
		user_hash,
		status,
		create_by,
		create_date,
		update_by,
		update_date,
		del_flag
		) VALUES (
		#{id},
		#{jobId},
		#{taskId},
		#{account},
		#{fromGroup},
		#{userid},
		#{username},
		#{firstname},
		#{lastname},
		#{userHash},
		#{status},
		#{createBy.id},
		#{createDate},
		#{updateBy.id},
		#{updateDate},
		#{delFlag}
		)
	</insert>

	<update id="update">
		UPDATE tl_job_user SET
		job_id = #{jobId},
		task_id = #{taskId},
		account = #{account},
		from_group = #{fromGroup},
		userid = #{userid},
		username = #{username},
		firstname = #{firstname},
			lastname = #{lastname},
		user_hash = #{userHash},
		status = #{status},
		update_by = #{updateBy.id},
		update_date = #{updateDate}
		WHERE id = #{id}
	</update>

	<update id="delete">
		UPDATE tl_job_user SET
		del_flag = #{DEL_FLAG_DELETE}
		WHERE id = #{id}
	</update>
	
	<!-- 将某账号下的所有用户都标记为 已邀请 -->
	<update id="updateStatus">
		UPDATE tl_job_user SET
		status = #{status},
		update_by = #{updateBy.id},
		update_date = #{updateDate}
		WHERE job_id = #{jobId} and account=#{account}
	</update>

	<!-- 删除重复数据 -->
	<update id="deleteRepeatJobUser">
		DELETE
		FROM
		tl_job_user
		WHERE
		userid IN (
		SELECT *
		FROM (
		SELECT
		userid
		FROM
		tl_job_user
		WHERE job_id=#{jobId}
		GROUP BY
		userid
		HAVING COUNT(userid) > 1
		) b) AND userid NOT IN (
		SELECT *
		FROM (
		SELECT
		MIN(userid)
		FROM
		tl_job_user
		WHERE job_id=#{jobId}
		GROUP BY
		userid
		HAVING COUNT(userid) > 1) c
		) AND job_id=#{jobId}
	</update>

</mapper>