<?xml version="1.0" encoding="UTF-8" ?>
<!DOCTYPE mapper PUBLIC "-//mybatis.org//DTD Mapper 3.0//EN" "http://mybatis.org/dtd/mybatis-3-mapper.dtd">
<mapper namespace="com.thinkgem.jeesite.modules.tl.dao.UserSessionDao">
    
	<sql id="userSessionColumns">
		a.id AS "id",
		a.account AS "account",
		a.userid AS "userid",
		a.userhash AS "userhash",
		a.username AS "username",
		a.from_group AS "fromGroup",
		g.name as "fromGroupName",
		a.update_date AS "updateDate"
	</sql>
	
	<sql id="userSessionJoins">
	left join tl_group g on g.id=a.from_group
	</sql>
    
	<select id="get" resultType="UserSession">
		SELECT 
			<include refid="userSessionColumns"/>
		FROM tl_users a
		<include refid="userSessionJoins"/>
		WHERE a.id = #{id}
	</select>
	
	<select id="findList" resultType="UserSession">
		SELECT 
			<include refid="userSessionColumns"/>
		FROM tl_users a
		<include refid="userSessionJoins"/>
		<where>
			
			
			<if test="account != null and account != ''">
				AND a.account = #{account}
			</if>
			<if test="userid != null and userid != ''">
				AND a.userid = #{userid}
			</if>
			<if test="username != null and username != ''">
				AND a.username LIKE 
					<if test="dbName == 'oracle'">'%'||#{username}||'%'</if>
					<if test="dbName == 'mssql'">'%'+#{username}+'%'</if>
					<if test="dbName == 'mysql'">concat('%',#{username},'%')</if>
			</if>
		</where>
		<choose>
			<when test="page !=null and page.orderBy != null and page.orderBy != ''">
				ORDER BY ${page.orderBy}
			</when>
			<otherwise>
				ORDER BY a.update_date DESC
			</otherwise>
		</choose>
	</select>
	
	<select id="findAllList" resultType="UserSession">
		SELECT 
			<include refid="userSessionColumns"/>
		FROM tl_users a
		<include refid="userSessionJoins"/>
		<where>
			
			
		</where>		
		<choose>
			<when test="page !=null and page.orderBy != null and page.orderBy != ''">
				ORDER BY ${page.orderBy}
			</when>
			<otherwise>
				ORDER BY a.update_date DESC
			</otherwise>
		</choose>
	</select>
	
	<insert id="insert">
		INSERT INTO tl_users(
			id,
			account,
			userid,
			userhash,
			username,
			from_group,
			update_date
		) VALUES (
			#{id},
			#{account},
			#{userid},
			#{userhash},
			#{username},
			#{fromGroup},
			#{updateDate}
		)
	</insert>
	
	<update id="update">
		UPDATE tl_users SET 	
			account = #{account},
			userid = #{userid},
			userhash = #{userhash},
			username = #{username},
			from_group = #{fromGroup},
			update_date = #{updateDate}
		WHERE id = #{id}
	</update>
	
	<update id="delete">
		DELETE FROM tl_users
		WHERE id = #{id}
	</update>
	
</mapper>