<?xml version="1.0" encoding="UTF-8" ?>
<!DOCTYPE mapper PUBLIC "-//mybatis.org//DTD Mapper 3.0//EN" "http://mybatis.org/dtd/mybatis-3-mapper.dtd">
<mapper namespace="com.thinkgem.jeesite.modules.sys.dao.MsgRecordDao">
    
	<sql id="msgRecordColumns">
		a.id AS "id",
		a.msg_id AS "msg.id",
		a.user_id AS "user.id",
		a.read_flag AS "readFlag",
		a.read_date AS "readDate",
		a.tenant_id AS "tenantId",
		u3.name AS "user.name"
	</sql>
	
	<sql id="msgRecordJoins">
		LEFT JOIN sys_user u3 ON u3.id = a.user_id
	</sql>
    
	<select id="get" resultType="MsgRecord">
		SELECT 
			<include refid="msgRecordColumns"/>
		FROM sys_msg_user a
		<include refid="msgRecordJoins"/>
		WHERE a.id = #{id}
	</select>
	
	<select id="findList" resultType="MsgRecord">
		SELECT 
			<include refid="msgRecordColumns"/>
		FROM sys_msg_user a
		<include refid="msgRecordJoins"/>
		<where>			
			a.tenant_id = #{tenantId}
			<if test="msg != null and msg.id != null and msg.id != ''">
				AND a.msg_id = #{msg.id}
			</if>
			<if test="user != null and user.id != null and user.id != ''">
				AND a.user_id = #{user.id}
			</if>
		</where>
		<choose>
			<when test="page !=null and page.orderBy != null and page.orderBy != ''">
				ORDER BY ${page.orderBy}
			</when>
			<otherwise>
			</otherwise>
		</choose>
	</select>
	
	<select id="findAllList" resultType="MsgRecord">
		SELECT 
			<include refid="msgRecordColumns"/>
		FROM sys_msg_user a
		<include refid="msgRecordJoins"/>
		<where>
			
			a.tenant_id = #{tenantId}
		</where>		
		<choose>
			<when test="page !=null and page.orderBy != null and page.orderBy != ''">
				ORDER BY ${page.orderBy}
			</when>
			<otherwise>
			</otherwise>
		</choose>
	</select>
	
	<insert id="insert">
		INSERT INTO sys_msg_user(
			id,
			msg_id,
			user_id,
			read_flag,
			read_date,
			tenant_id
		) VALUES (
			#{id},
			#{msg.id},
			#{user.id},
			#{readFlag},
			#{readDate},
			#{tenantId}
		)
	</insert>
	
	<update id="update">
		UPDATE sys_msg_user SET 	
			msg_id = #{msg.id},
			user_id = #{user.id},
			read_flag = #{readFlag},
			read_date = #{readDate},
			tenant_id = #{tenantId}
		WHERE id = #{id}
	</update>
	
	<update id="delete">
		DELETE FROM sys_msg_user
		<choose>
			<when test="id !=null and id != ''">
				WHERE id = #{id}
			</when>
			<otherwise>
				WHERE msg_id = #{msg.id}
			</otherwise>
		</choose>
	</update>
	
		<!-- 删除消息-->
	<update id="delMsg">
		UPDATE sys_msg_user SET 
			read_flag = #{readFlag},
			read_date = #{readDate}
		WHERE read_flag!=#{readFlag} and msg_id = #{msg.id}  and user_id=#{user.id} 
	</update>
	
	<!-- 清除个人系统消息-->
	<update id="clearMsgRecord">
		UPDATE sys_msg_user SET 
			read_flag = #{readFlag},
			read_date = #{readDate}
		WHERE read_flag!=#{readFlag} and user_id=#{user.id} 
	</update>
</mapper>