<?xml version="1.0" encoding="UTF-8" ?>
<!DOCTYPE mapper PUBLIC "-//mybatis.org//DTD Mapper 3.0//EN" "http://mybatis.org/dtd/mybatis-3-mapper.dtd">
<mapper namespace="com.thinkgem.jeesite.modules.sys.dao.MsgTplDao">
    
	<sql id="msgTplColumns">
		a.id AS "id",
		a.type AS "type",
		a.title AS "title",
		a.content AS "content",
		a.status AS "status",
		a.tenant_id AS "tenantId",
		a.create_by AS "createBy.id",
		a.create_date AS "createDate",
		a.update_by AS "updateBy.id",
		a.update_date AS "updateDate",
		a.del_flag AS "delFlag"
	</sql>
	
	<sql id="msgTplJoins">
	</sql>
    
	<select id="get" resultType="MsgTpl">
		SELECT 
			<include refid="msgTplColumns"/>
		FROM sys_msg_tpl a
		<include refid="msgTplJoins"/>
		WHERE a.id = #{id}
	</select>
	
	<select id="findList" resultType="MsgTpl">
		SELECT 
			<include refid="msgTplColumns"/>
		FROM sys_msg_tpl a
		<include refid="msgTplJoins"/>
		<where>
			a.del_flag = #{DEL_FLAG_NORMAL}
			AND a.tenant_id = #{tenantId}
			<if test="type != null and type != ''">
				AND a.type = #{type}
			</if>
			<if test="content != null and content != ''">
				AND a.content LIKE 
					<if test="dbName == 'oracle'">'%'||#{content}||'%'</if>
					<if test="dbName == 'mssql'">'%'+#{content}+'%'</if>
					<if test="dbName == 'mysql'">concat('%',#{content},'%')</if>
			</if>
			<if test="status != null and status != ''">
				AND a.status = #{status}
			</if>
		</where>
		<choose>
			<when test="page !=null and page.orderBy != null and page.orderBy != ''">
				ORDER BY ${page.orderBy}
			</when>
			<otherwise>
				ORDER BY a.update_date DESC
			</otherwise>
		</choose>
	</select>
	
	<select id="findAllList" resultType="MsgTpl">
		SELECT 
			<include refid="msgTplColumns"/>
		FROM sys_msg_tpl a
		<include refid="msgTplJoins"/>
		<where>
			a.del_flag = #{DEL_FLAG_NORMAL}
			AND a.tenant_id = #{tenantId}
		</where>		
		<choose>
			<when test="page !=null and page.orderBy != null and page.orderBy != ''">
				ORDER BY ${page.orderBy}
			</when>
			<otherwise>
				ORDER BY a.update_date DESC
			</otherwise>
		</choose>
	</select>
	
	<insert id="insert">
		INSERT INTO sys_msg_tpl(
			id,
			type,title,
			content,
			status,
			tenant_id,
			create_by,
			create_date,
			update_by,
			update_date,
			del_flag
		) VALUES (
			#{id},
			#{type},
			#{title},
			#{content},
			#{status},
			#{tenantId},
			#{createBy.id},
			#{createDate},
			#{updateBy.id},
			#{updateDate},
			#{delFlag}
		)
	</insert>
	
	<update id="update">
		UPDATE sys_msg_tpl SET 	
			type = #{type},
			title = #{title},
			content = #{content},
			status = #{status},
			tenant_id = #{tenantId},
			update_by = #{updateBy.id},
			update_date = #{updateDate}
		WHERE id = #{id}
	</update>
	
	<update id="delete">
		UPDATE sys_msg_tpl SET 
			del_flag = #{DEL_FLAG_DELETE}
		WHERE id = #{id}
	</update>
	
</mapper>