<?xml version="1.0" encoding="UTF-8" ?>
<!DOCTYPE mapper PUBLIC "-//mybatis.org//DTD Mapper 3.0//EN" "http://mybatis.org/dtd/mybatis-3-mapper.dtd">
<mapper namespace="com.thinkgem.jeesite.modules.sys.dao.TenantDao">

	<sql id="tenantColumns">
		a.id AS "id",
		a.name AS "name",
		a.code AS "code",
		a.theme AS "theme",
		a.logo AS "logo",
		a.url AS "url",
		a.address AS "address",
		a.master AS "master",
		a.phone AS "phone",
		a.fax AS "fax",
		a.email AS "email",
		a.description AS "description",
		a.sn AS "sn",
		a.level_ AS "level",
		a.type AS "type",
		a.class_ AS "className",
		a.remarks AS "remarks",
		a.hot_tel AS "hotTel",
		a.admin_account AS "adminAccount",
		a.end_date as "endDate" ,
		a.status AS "status",
		a.create_by AS "createBy.id",
		a.create_date AS "createDate",
		a.update_by AS "updateBy.id",
		a.update_date AS "updateDate",
		a.del_flag AS "delFlag"
	</sql>

	<sql id="tenantJoins">
	</sql>

	<select id="get" resultType="Tenant">
		SELECT
		<include refid="tenantColumns" />
		FROM sys_tenant a
		<include refid="tenantJoins" />
		WHERE a.id = #{id}
	</select>

	<select id="findList" resultType="Tenant">
		SELECT
		<include refid="tenantColumns" />
		FROM sys_tenant a
		<include refid="tenantJoins" />
		<where>
			a.del_flag = #{DEL_FLAG_NORMAL}

			<if test="name != null and name != ''">
				AND a.name LIKE
				<if test="dbName == 'oracle'">'%'||#{name}||'%'</if>
				<if test="dbName == 'mssql'">'%'+#{name}+'%'</if>
				<if test="dbName == 'mysql'">concat('%',#{name},'%')</if>
			</if>
		</where>
		<choose>
			<when test="page !=null and page.orderBy != null and page.orderBy != ''">
				ORDER BY ${page.orderBy}
			</when>
			<otherwise>
				ORDER BY a.update_date DESC
			</otherwise>
		</choose>
	</select>

	<select id="findAllList" resultType="Tenant">
		SELECT
		<include refid="tenantColumns" />
		FROM sys_tenant a
		<include refid="tenantJoins" />
		<where>
			a.del_flag = #{DEL_FLAG_NORMAL}

		</where>
		<choose>
			<when test="page !=null and page.orderBy != null and page.orderBy != ''">
				ORDER BY ${page.orderBy}
			</when>
			<otherwise>
				ORDER BY a.update_date DESC
			</otherwise>
		</choose>
	</select>

	<insert id="insert">
		INSERT INTO sys_tenant(
		id,
		name,
		code,
		theme,
		logo,
		url,
		address,
		master,
		phone,
		fax,
		email,
		description,
		sn,
		level_,
		type,
		class_,
		remarks,
		hot_tel,
		admin_account,
		end_date,
		status,
		create_by,
		create_date,
		update_by,
		update_date,
		del_flag
		) VALUES (
		#{id},
		#{name},
		#{code},
		#{theme},
		#{logo},
		#{url},
		#{address},
		#{master},
		#{phone},
		#{fax},
		#{email},
		#{description},
		#{sn},
		#{level},
		#{type},
		#{className},
		#{remarks},
		#{hotTel},
		#{adminAccount},
		 #{endDate},
		#{status},
		#{createBy.id},
		#{createDate},
		#{updateBy.id},
		#{updateDate},
		#{delFlag}
		)
	</insert>

	<update id="update">
		UPDATE sys_tenant SET
		name = #{name},
		code = #{code},
		theme = #{theme},
		logo = #{logo},
		url = #{url},
		address = #{address},
		master = #{master},
		phone = #{phone},
		fax = #{fax},
		email = #{email},
		description = #{description},
		sn = #{sn},
		level_ = #{level},
		type = #{type},
		class_ = #{className},
		remarks = #{remarks},
		hot_tel = #{hotTel},
		admin_account= #{adminAccount},
		end_date= #{endDate},
		status= #{status},
		update_by = #{updateBy.id},
		update_date = #{updateDate}
		WHERE id = #{id}
	</update>

	<update id="delete">
		UPDATE sys_tenant SET
		del_flag = #{DEL_FLAG_DELETE}
		WHERE id = #{id}
	</update>
	<select id="getByCode" resultType="Tenant">
		SELECT
		<include refid="tenantColumns" />
		FROM sys_tenant a
		WHERE a.code = #{code}
	</select>

	<select id="total" resultType="long">
		SELECT
		COUNT(1)
		FROM sys_tenant
	</select>
	<!-- 初始化菜单 -->
	<insert id="initNormalMenu">
		INSERT INTO sys_role_menu(role_id, menu_id,tenant_id)
		SELECT #{id}, id,#{tenantId} from sys_menu where type='normal'
	</insert>
	<delete id="removeAllMenu">
		DELETE FROM sys_role_menu WHERE tenant_id = #{id}
	</delete>
</mapper>